année,CO2_concentration
2010,388.755
2011,390.62082
2012,392.64917
2013,395.39584
2014,397.34418
2015,399.64917
2016,403.06583
2017,405.21667
2018,407.61084
