Pollutants,Poids
O3,0.003948945482948857
NO2,-0.07908345009906863
PM10,-0.032237344722183696
CO2,0.025724002435528213
CH4,-12.1912649020708
SO2,-0.3754721053141165
